{"cameraMode":{"drawMode":0,"name":"Shaded","section":"Shading Mode"},"sceneLighting":false,"audioPlay":false,"sceneViewState":{"m_AlwaysRefresh":false,"showFog":true,"showSkybox":false,"showFlares":true,"showImageEffects":true,"showParticleSystems":true,"showVisualEffectGraphs":true,"m_FxEnabled":true},"in2DMode":false,"pivot":{"x":1.2216538190841675,"y":0.42979222536087038,"z":-5.456090927124023},"rotation":{"x":-0.02150849997997284,"y":-0.08775263279676438,"z":-0.0018924088217318059,"w":0.9960190057754517},"size":0.3015116751194,"orthographic":false}