{"cameraMode":{"drawMode":0,"name":"Shaded","section":"Shading Mode"},"sceneLighting":true,"audioPlay":false,"sceneViewState":{"m_AlwaysRefresh":false,"showFog":true,"showSkybox":true,"showFlares":true,"showImageEffects":true,"showParticleSystems":true,"showVisualEffectGraphs":true,"m_FxEnabled":true},"in2DMode":false,"pivot":{"x":-0.6753966808319092,"y":1.8286045789718629,"z":9.26439380645752},"rotation":{"x":0.06023465842008591,"y":0.8978057503700256,"z":-0.13153375685214997,"w":0.4160279333591461},"size":2.0891318321228029,"orthographic":false}