{"cameraMode":{"drawMode":0,"name":"Shaded","section":"Shading Mode"},"sceneLighting":true,"audioPlay":false,"sceneViewState":{"m_AlwaysRefresh":false,"showFog":true,"showSkybox":true,"showFlares":true,"showImageEffects":true,"showParticleSystems":true,"showVisualEffectGraphs":true,"m_FxEnabled":true},"in2DMode":false,"pivot":{"x":1.3198213577270508,"y":3.2667999267578127,"z":-10.356661796569825},"rotation":{"x":0.14169692993164063,"y":0.397295743227005,"z":-0.06295027583837509,"w":0.9045294523239136},"size":3.6301562786102297,"orthographic":false}