{"cameraMode":{"drawMode":0,"name":"Shaded","section":"Shading Mode"},"sceneLighting":true,"audioPlay":false,"sceneViewState":{"m_AlwaysRefresh":false,"showFog":true,"showSkybox":true,"showFlares":true,"showImageEffects":true,"showParticleSystems":true,"showVisualEffectGraphs":true,"m_FxEnabled":true},"in2DMode":false,"pivot":{"x":-201.87608337402345,"y":-79.43031311035156,"z":1442.233642578125},"rotation":{"x":0.026965618133544923,"y":-0.07391209900379181,"z":0.0010283134179189802,"w":0.9971968531608582},"size":734.3023681640625,"orthographic":false}