{"cameraMode":{"drawMode":0,"name":"Shaded","section":"Shading Mode"},"sceneLighting":true,"audioPlay":false,"sceneViewState":{"m_AlwaysRefresh":false,"showFog":true,"showSkybox":true,"showFlares":true,"showImageEffects":true,"showParticleSystems":true,"showVisualEffectGraphs":true,"m_FxEnabled":true},"in2DMode":false,"pivot":{"x":-7.97157096862793,"y":-95.85563659667969,"z":1456.0355224609375},"rotation":{"x":0.032670337706804278,"y":-0.0028874273411929609,"z":-0.0010383244371041656,"w":0.9997653961181641},"size":734.3023681640625,"orthographic":false}