{"cameraMode":{"drawMode":0,"name":"Shaded","section":"Shading Mode"},"sceneLighting":true,"audioPlay":false,"sceneViewState":{"m_AlwaysRefresh":false,"showFog":true,"showSkybox":true,"showFlares":true,"showImageEffects":true,"showParticleSystems":true,"showVisualEffectGraphs":true,"m_FxEnabled":true},"in2DMode":false,"pivot":{"x":604.5596923828125,"y":376.9094543457031,"z":-96.09699249267578},"rotation":{"x":0.03609666973352432,"y":0.06305241584777832,"z":-0.003825974417850375,"w":0.997570812702179},"size":3.8414533138275148,"orthographic":false}