{"cameraMode":{"drawMode":0,"name":"Shaded","section":"Shading Mode"},"sceneLighting":true,"audioPlay":false,"sceneViewState":{"m_AlwaysRefresh":false,"showFog":true,"showSkybox":true,"showFlares":true,"showImageEffects":true,"showParticleSystems":true,"showVisualEffectGraphs":true,"m_FxEnabled":true},"in2DMode":false,"pivot":{"x":591.8338012695313,"y":375.6925354003906,"z":-178.0885772705078},"rotation":{"x":0.09148610383272171,"y":0.04633348807692528,"z":-0.005810148548334837,"w":0.9949322938919067},"size":3.8414533138275148,"orthographic":false}