{"cameraMode":{"drawMode":0,"name":"Shaded","section":"Shading Mode"},"sceneLighting":true,"audioPlay":false,"sceneViewState":{"m_AlwaysRefresh":false,"showFog":true,"showSkybox":true,"showFlares":true,"showImageEffects":true,"showParticleSystems":true,"showVisualEffectGraphs":true,"m_FxEnabled":true},"in2DMode":false,"pivot":{"x":-247.2008819580078,"y":-121.82028198242188,"z":1434.4990234375},"rotation":{"x":0.041608307510614398,"y":-0.08524633198976517,"z":0.0024260703939944507,"w":0.9957926273345947},"size":734.3023681640625,"orthographic":false}