{"cameraMode":{"drawMode":0,"name":"Shaded","section":"Shading Mode"},"sceneLighting":true,"audioPlay":false,"sceneViewState":{"m_AlwaysRefresh":false,"showFog":true,"showSkybox":true,"showFlares":true,"showImageEffects":true,"showParticleSystems":true,"showVisualEffectGraphs":true,"m_FxEnabled":true},"in2DMode":false,"pivot":{"x":-0.7513399720191956,"y":0.5680898427963257,"z":-1.1954606771469117},"rotation":{"x":-0.19905157387256623,"y":-0.19573844969272614,"z":0.040991127490997317,"w":-0.959483802318573},"size":0.1256905496120453,"orthographic":false}