{"cameraMode":{"drawMode":0,"name":"Shaded","section":"Shading Mode"},"sceneLighting":true,"audioPlay":false,"sceneViewState":{"m_AlwaysRefresh":false,"showFog":true,"showSkybox":true,"showFlares":true,"showImageEffects":true,"showParticleSystems":true,"showVisualEffectGraphs":true,"m_FxEnabled":true},"in2DMode":false,"pivot":{"x":496.1457824707031,"y":486.0930480957031,"z":-633.4178466796875},"rotation":{"x":0.11571346968412399,"y":0.05006019026041031,"z":-0.005861842073500156,"w":0.9921237230300903},"size":0.3833114802837372,"orthographic":false}